{
  "Store": 0.09533659160508202,
  "DayOfWeek": 0.03668571011413639,
  "Open": 0.45943768539448304,
  "Promo": 0.07340730902286702,
  "StateHoliday": 0.0008294786545987229,
  "SchoolHoliday": 0.003935369359775499,
  "Month": 0.012711707696176052,
  "DayOfMonth": 0.03022123730882317,
  "WeekOfYear": 0.02230604909488673,
  "weekday": 0.004154984797552563,
  "StoreType": 0.02020443513120166,
  "Assortment": 0.015419312967826922,
  "CompetitionDistance": 0.1071597292041374,
  "CompetitionOpenSinceMonth": 0.03338228160981997,
  "CompetitionOpenSinceYear": 0.03907940659305142,
  "Promo2": 0.00028890737285023244,
  "Promo2SinceWeek": 0.012638665241312002,
  "Promo2SinceYear": 0.017622012154902316,
  "PromoInterval": 0.003229554833772504,
  "CompetitionBeforeStoreOpened": 0.002585760593985975,
  "PromoInterval0": 0.0027046316029473174,
  "PromoInterval1": 0.002389494804955192,
  "PromoInterval2": 0.002139448531956425,
  "PromoInterval3": 0.002130236308899436
}