{
  "Store": 0.09779222282942823,
  "DayOfWeek": 0.03640427222702315,
  "Open": 0.45959999238063376,
  "Promo": 0.07333946045891997,
  "StateHoliday": 0.0007964611853920052,
  "SchoolHoliday": 0.004370693629678536,
  "Month": 0.011580468396763716,
  "DayOfMonth": 0.03064002574152992,
  "WeekOfYear": 0.022813975408513012,
  "weekday": 0.004344806438368422,
  "StoreType": 0.01992898725373889,
  "Assortment": 0.01601598071911453,
  "CompetitionDistance": 0.1049333808930461,
  "CompetitionOpenSinceMonth": 0.03129850733824282,
  "CompetitionOpenSinceYear": 0.03922376694339253,
  "Promo2": 0.0007335433559319557,
  "Promo2SinceWeek": 0.013517710147417773,
  "Promo2SinceYear": 0.0168128990630274,
  "PromoInterval": 0.003996432581751495,
  "CompetitionBeforeStoreOpened": 0.0027230530003157657,
  "PromoInterval0": 0.002375306847811349,
  "PromoInterval1": 0.0026798700279488533,
  "PromoInterval2": 0.0019217688984228384,
  "PromoInterval3": 0.002156414233587097
}